text,sentiment
Worth every penny,positive
Very disappointing,negative
Nothing special,neutral
Absolutely amazing product,positive
Terrible experience,negative
It's okay I guess,neutral
Best purchase ever,positive
Complete waste of money,negative
Average at best,neutral
Exceeded my expectations,positive
Would not recommend,negative
Pretty standard quality,neutral
Love it so much,positive
Horrible quality,negative
Neither good nor bad,neutral
Fantastic service,positive
Awful customer support,negative
Mediocre performance,neutral
Highly recommend,positive
Biggest regret,negative
It works fine,neutral
Outstanding quality,positive
Poor value for money,negative
Acceptable but nothing more,neutral
Brilliant design,positive
Deeply disappointed,negative
Just as described,neutral
Superb craftsmanship,positive
Defective product,negative
Meets basic requirements,neutral
Incredible value,positive
Total disaster,negative
Unremarkable,neutral
Perfect in every way,positive
Broken on arrival,negative
Could be better,neutral
Exceptional performance,positive
Waste of time,negative
Fairly decent,neutral
Top-notch quality,positive
Extremely frustrating,negative
Passable quality,neutral
Marvelous experience,positive
Completely useless,negative
Neutral feelings about it,neutral
Impressive results,positive
Very poor quality,negative
Standard features,neutral
Delighted with purchase,positive
Not worth the price,negative
Middle of the road,neutral
Phenomenal product,positive
Utterly disappointing,negative
Adequate functionality,neutral
Remarkable quality,positive
Serious issues,negative
Reasonably good,neutral
Wonderful experience,positive
Major flaws,negative
Neither here nor there,neutral
Stellar performance,positive
Deeply flawed,negative
Fair enough,neutral
Magnificent quality,positive
Severely lacking,negative
Tolerable at best,neutral
Flawless execution,positive
Badly made,negative
Somewhat satisfactory,neutral
Glowing recommendation,positive
Regrettable purchase,negative
Moderately acceptable,neutral
Terrific value,positive
Painfully bad,negative
Indifferent to it,neutral
Exemplary service,positive
Shockingly poor,negative
Run of the mill,neutral
Blissful experience,positive
Grievous mistake,negative
Neutral stance,neutral
Superior quality,positive
Fundamentally broken,negative
So-so quality,neutral
Enchanting product,positive
Hopelessly inadequate,negative
Lukewarm response,neutral
Pristine condition,positive
Severely damaged,negative
Unexceptional,neutral
Jubilant about it,positive
Abysmally bad,negative
Nondescript,neutral
Radiant quality,positive
Dismally poor,negative
Ordinary product,neutral
Mesmerizing features,positive
Wretchedly made,negative
Commonplace,neutral
Breathtaking design,positive
Miserably failed,negative
Bland experience,neutral
Triumphant success,positive
Catastrophic failure,negative
Plain and simple,neutral
